{
  "ABIRoot": {
    "kind": "Root",
    "name": "TopLevel",
    "printedName": "TopLevel",
    "children": [
      {
        "kind": "Import",
        "name": "Foundation",
        "printedName": "Foundation",
        "declKind": "Import",
        "moduleName": "AmaniVoiceAssistantSDK",
        "declAttributes": [
          "RawDocComment"
        ]
      },
      {
        "kind": "TypeDecl",
        "name": "AmaniVAErrors",
        "printedName": "AmaniVAErrors",
        "children": [
          {
            "kind": "Var",
            "name": "networkErrors",
            "printedName": "networkErrors",
            "children": [
              {
                "kind": "TypeFunc",
                "name": "Function",
                "printedName": "(AmaniVoiceAssistantSDK.AmaniVAErrors.Type) -> (AmaniVoiceAssistantSDK.AmaniVANetworkError) -> AmaniVoiceAssistantSDK.AmaniVAErrors",
                "children": [
                  {
                    "kind": "TypeFunc",
                    "name": "Function",
                    "printedName": "(AmaniVoiceAssistantSDK.AmaniVANetworkError) -> AmaniVoiceAssistantSDK.AmaniVAErrors",
                    "children": [
                      {
                        "kind": "TypeNominal",
                        "name": "AmaniVAErrors",
                        "printedName": "AmaniVoiceAssistantSDK.AmaniVAErrors",
                        "usr": "s:22AmaniVoiceAssistantSDK0A8VAErrorsO"
                      },
                      {
                        "kind": "TypeNominal",
                        "name": "AmaniVANetworkError",
                        "printedName": "AmaniVoiceAssistantSDK.AmaniVANetworkError",
                        "usr": "s:22AmaniVoiceAssistantSDK0A14VANetworkErrorO"
                      }
                    ]
                  },
                  {
                    "kind": "TypeNominal",
                    "name": "Metatype",
                    "printedName": "AmaniVoiceAssistantSDK.AmaniVAErrors.Type",
                    "children": [
                      {
                        "kind": "TypeNominal",
                        "name": "AmaniVAErrors",
                        "printedName": "AmaniVoiceAssistantSDK.AmaniVAErrors",
                        "usr": "s:22AmaniVoiceAssistantSDK0A8VAErrorsO"
                      }
                    ]
                  }
                ]
              }
            ],
            "declKind": "EnumElement",
            "usr": "s:22AmaniVoiceAssistantSDK0A8VAErrorsO13networkErrorsyAcA0A14VANetworkErrorOcACmF",
            "mangledName": "$s22AmaniVoiceAssistantSDK0A8VAErrorsO13networkErrorsyAcA0A14VANetworkErrorOcACmF",
            "moduleName": "AmaniVoiceAssistantSDK"
          },
          {
            "kind": "Var",
            "name": "playErrors",
            "printedName": "playErrors",
            "children": [
              {
                "kind": "TypeFunc",
                "name": "Function",
                "printedName": "(AmaniVoiceAssistantSDK.AmaniVAErrors.Type) -> (AmaniVoiceAssistantSDK.AmaniVAPlayErrors) -> AmaniVoiceAssistantSDK.AmaniVAErrors",
                "children": [
                  {
                    "kind": "TypeFunc",
                    "name": "Function",
                    "printedName": "(AmaniVoiceAssistantSDK.AmaniVAPlayErrors) -> AmaniVoiceAssistantSDK.AmaniVAErrors",
                    "children": [
                      {
                        "kind": "TypeNominal",
                        "name": "AmaniVAErrors",
                        "printedName": "AmaniVoiceAssistantSDK.AmaniVAErrors",
                        "usr": "s:22AmaniVoiceAssistantSDK0A8VAErrorsO"
                      },
                      {
                        "kind": "TypeNominal",
                        "name": "AmaniVAPlayErrors",
                        "printedName": "AmaniVoiceAssistantSDK.AmaniVAPlayErrors",
                        "usr": "s:22AmaniVoiceAssistantSDK0A12VAPlayErrorsO"
                      }
                    ]
                  },
                  {
                    "kind": "TypeNominal",
                    "name": "Metatype",
                    "printedName": "AmaniVoiceAssistantSDK.AmaniVAErrors.Type",
                    "children": [
                      {
                        "kind": "TypeNominal",
                        "name": "AmaniVAErrors",
                        "printedName": "AmaniVoiceAssistantSDK.AmaniVAErrors",
                        "usr": "s:22AmaniVoiceAssistantSDK0A8VAErrorsO"
                      }
                    ]
                  }
                ]
              }
            ],
            "declKind": "EnumElement",
            "usr": "s:22AmaniVoiceAssistantSDK0A8VAErrorsO10playErrorsyAcA0a6VAPlayG0OcACmF",
            "mangledName": "$s22AmaniVoiceAssistantSDK0A8VAErrorsO10playErrorsyAcA0a6VAPlayG0OcACmF",
            "moduleName": "AmaniVoiceAssistantSDK"
          }
        ],
        "declKind": "Enum",
        "usr": "s:22AmaniVoiceAssistantSDK0A8VAErrorsO",
        "mangledName": "$s22AmaniVoiceAssistantSDK0A8VAErrorsO",
        "moduleName": "AmaniVoiceAssistantSDK",
        "declAttributes": [
          "AccessControl"
        ],
        "conformances": [
          {
            "kind": "Conformance",
            "name": "Error",
            "printedName": "Error",
            "usr": "s:s5ErrorP",
            "mangledName": "$ss5ErrorP"
          },
          {
            "kind": "Conformance",
            "name": "Sendable",
            "printedName": "Sendable",
            "usr": "s:s8SendableP",
            "mangledName": "$ss8SendableP"
          },
          {
            "kind": "Conformance",
            "name": "LocalizedError",
            "printedName": "LocalizedError",
            "usr": "s:10Foundation14LocalizedErrorP",
            "mangledName": "$s10Foundation14LocalizedErrorP"
          }
        ]
      },
      {
        "kind": "TypeDecl",
        "name": "AmaniVAPlayErrors",
        "printedName": "AmaniVAPlayErrors",
        "children": [
          {
            "kind": "Var",
            "name": "play",
            "printedName": "play",
            "children": [
              {
                "kind": "TypeFunc",
                "name": "Function",
                "printedName": "(AmaniVoiceAssistantSDK.AmaniVAPlayErrors.Type) -> (Swift.String) -> AmaniVoiceAssistantSDK.AmaniVAPlayErrors",
                "children": [
                  {
                    "kind": "TypeFunc",
                    "name": "Function",
                    "printedName": "(Swift.String) -> AmaniVoiceAssistantSDK.AmaniVAPlayErrors",
                    "children": [
                      {
                        "kind": "TypeNominal",
                        "name": "AmaniVAPlayErrors",
                        "printedName": "AmaniVoiceAssistantSDK.AmaniVAPlayErrors",
                        "usr": "s:22AmaniVoiceAssistantSDK0A12VAPlayErrorsO"
                      },
                      {
                        "kind": "TypeNominal",
                        "name": "Tuple",
                        "printedName": "(reason: Swift.String)",
                        "children": [
                          {
                            "kind": "TypeNominal",
                            "name": "String",
                            "printedName": "Swift.String",
                            "usr": "s:SS"
                          }
                        ]
                      }
                    ]
                  },
                  {
                    "kind": "TypeNominal",
                    "name": "Metatype",
                    "printedName": "AmaniVoiceAssistantSDK.AmaniVAPlayErrors.Type",
                    "children": [
                      {
                        "kind": "TypeNominal",
                        "name": "AmaniVAPlayErrors",
                        "printedName": "AmaniVoiceAssistantSDK.AmaniVAPlayErrors",
                        "usr": "s:22AmaniVoiceAssistantSDK0A12VAPlayErrorsO"
                      }
                    ]
                  }
                ]
              }
            ],
            "declKind": "EnumElement",
            "usr": "s:22AmaniVoiceAssistantSDK0A12VAPlayErrorsO4playyACSS_tcACmF",
            "mangledName": "$s22AmaniVoiceAssistantSDK0A12VAPlayErrorsO4playyACSS_tcACmF",
            "moduleName": "AmaniVoiceAssistantSDK"
          },
          {
            "kind": "Var",
            "name": "keyNotSet",
            "printedName": "keyNotSet",
            "children": [
              {
                "kind": "TypeFunc",
                "name": "Function",
                "printedName": "(AmaniVoiceAssistantSDK.AmaniVAPlayErrors.Type) -> (Swift.String) -> AmaniVoiceAssistantSDK.AmaniVAPlayErrors",
                "children": [
                  {
                    "kind": "TypeFunc",
                    "name": "Function",
                    "printedName": "(Swift.String) -> AmaniVoiceAssistantSDK.AmaniVAPlayErrors",
                    "children": [
                      {
                        "kind": "TypeNominal",
                        "name": "AmaniVAPlayErrors",
                        "printedName": "AmaniVoiceAssistantSDK.AmaniVAPlayErrors",
                        "usr": "s:22AmaniVoiceAssistantSDK0A12VAPlayErrorsO"
                      },
                      {
                        "kind": "TypeNominal",
                        "name": "Tuple",
                        "printedName": "(reason: Swift.String)",
                        "children": [
                          {
                            "kind": "TypeNominal",
                            "name": "String",
                            "printedName": "Swift.String",
                            "usr": "s:SS"
                          }
                        ]
                      }
                    ]
                  },
                  {
                    "kind": "TypeNominal",
                    "name": "Metatype",
                    "printedName": "AmaniVoiceAssistantSDK.AmaniVAPlayErrors.Type",
                    "children": [
                      {
                        "kind": "TypeNominal",
                        "name": "AmaniVAPlayErrors",
                        "printedName": "AmaniVoiceAssistantSDK.AmaniVAPlayErrors",
                        "usr": "s:22AmaniVoiceAssistantSDK0A12VAPlayErrorsO"
                      }
                    ]
                  }
                ]
              }
            ],
            "declKind": "EnumElement",
            "usr": "s:22AmaniVoiceAssistantSDK0A12VAPlayErrorsO9keyNotSetyACSS_tcACmF",
            "mangledName": "$s22AmaniVoiceAssistantSDK0A12VAPlayErrorsO9keyNotSetyACSS_tcACmF",
            "moduleName": "AmaniVoiceAssistantSDK"
          },
          {
            "kind": "Var",
            "name": "languageNotSupported",
            "printedName": "languageNotSupported",
            "children": [
              {
                "kind": "TypeFunc",
                "name": "Function",
                "printedName": "(AmaniVoiceAssistantSDK.AmaniVAPlayErrors.Type) -> (Swift.String) -> AmaniVoiceAssistantSDK.AmaniVAPlayErrors",
                "children": [
                  {
                    "kind": "TypeFunc",
                    "name": "Function",
                    "printedName": "(Swift.String) -> AmaniVoiceAssistantSDK.AmaniVAPlayErrors",
                    "children": [
                      {
                        "kind": "TypeNominal",
                        "name": "AmaniVAPlayErrors",
                        "printedName": "AmaniVoiceAssistantSDK.AmaniVAPlayErrors",
                        "usr": "s:22AmaniVoiceAssistantSDK0A12VAPlayErrorsO"
                      },
                      {
                        "kind": "TypeNominal",
                        "name": "Tuple",
                        "printedName": "(reason: Swift.String)",
                        "children": [
                          {
                            "kind": "TypeNominal",
                            "name": "String",
                            "printedName": "Swift.String",
                            "usr": "s:SS"
                          }
                        ]
                      }
                    ]
                  },
                  {
                    "kind": "TypeNominal",
                    "name": "Metatype",
                    "printedName": "AmaniVoiceAssistantSDK.AmaniVAPlayErrors.Type",
                    "children": [
                      {
                        "kind": "TypeNominal",
                        "name": "AmaniVAPlayErrors",
                        "printedName": "AmaniVoiceAssistantSDK.AmaniVAPlayErrors",
                        "usr": "s:22AmaniVoiceAssistantSDK0A12VAPlayErrorsO"
                      }
                    ]
                  }
                ]
              }
            ],
            "declKind": "EnumElement",
            "usr": "s:22AmaniVoiceAssistantSDK0A12VAPlayErrorsO20languageNotSupportedyACSS_tcACmF",
            "mangledName": "$s22AmaniVoiceAssistantSDK0A12VAPlayErrorsO20languageNotSupportedyACSS_tcACmF",
            "moduleName": "AmaniVoiceAssistantSDK"
          }
        ],
        "declKind": "Enum",
        "usr": "s:22AmaniVoiceAssistantSDK0A12VAPlayErrorsO",
        "mangledName": "$s22AmaniVoiceAssistantSDK0A12VAPlayErrorsO",
        "moduleName": "AmaniVoiceAssistantSDK",
        "declAttributes": [
          "AccessControl"
        ],
        "conformances": [
          {
            "kind": "Conformance",
            "name": "Error",
            "printedName": "Error",
            "usr": "s:s5ErrorP",
            "mangledName": "$ss5ErrorP"
          },
          {
            "kind": "Conformance",
            "name": "LocalizedError",
            "printedName": "LocalizedError",
            "usr": "s:10Foundation14LocalizedErrorP",
            "mangledName": "$s10Foundation14LocalizedErrorP"
          },
          {
            "kind": "Conformance",
            "name": "Sendable",
            "printedName": "Sendable",
            "usr": "s:s8SendableP",
            "mangledName": "$ss8SendableP"
          }
        ]
      },
      {
        "kind": "TypeDecl",
        "name": "AmaniVANetworkError",
        "printedName": "AmaniVANetworkError",
        "children": [
          {
            "kind": "Var",
            "name": "invalidURL",
            "printedName": "invalidURL",
            "children": [
              {
                "kind": "TypeFunc",
                "name": "Function",
                "printedName": "(AmaniVoiceAssistantSDK.AmaniVANetworkError.Type) -> (Swift.String) -> AmaniVoiceAssistantSDK.AmaniVANetworkError",
                "children": [
                  {
                    "kind": "TypeFunc",
                    "name": "Function",
                    "printedName": "(Swift.String) -> AmaniVoiceAssistantSDK.AmaniVANetworkError",
                    "children": [
                      {
                        "kind": "TypeNominal",
                        "name": "AmaniVANetworkError",
                        "printedName": "AmaniVoiceAssistantSDK.AmaniVANetworkError",
                        "usr": "s:22AmaniVoiceAssistantSDK0A14VANetworkErrorO"
                      },
                      {
                        "kind": "TypeNominal",
                        "name": "Tuple",
                        "printedName": "(reason: Swift.String)",
                        "children": [
                          {
                            "kind": "TypeNominal",
                            "name": "String",
                            "printedName": "Swift.String",
                            "usr": "s:SS"
                          }
                        ]
                      }
                    ]
                  },
                  {
                    "kind": "TypeNominal",
                    "name": "Metatype",
                    "printedName": "AmaniVoiceAssistantSDK.AmaniVANetworkError.Type",
                    "children": [
                      {
                        "kind": "TypeNominal",
                        "name": "AmaniVANetworkError",
                        "printedName": "AmaniVoiceAssistantSDK.AmaniVANetworkError",
                        "usr": "s:22AmaniVoiceAssistantSDK0A14VANetworkErrorO"
                      }
                    ]
                  }
                ]
              }
            ],
            "declKind": "EnumElement",
            "usr": "s:22AmaniVoiceAssistantSDK0A14VANetworkErrorO10invalidURLyACSS_tcACmF",
            "mangledName": "$s22AmaniVoiceAssistantSDK0A14VANetworkErrorO10invalidURLyACSS_tcACmF",
            "moduleName": "AmaniVoiceAssistantSDK"
          },
          {
            "kind": "Var",
            "name": "noData",
            "printedName": "noData",
            "children": [
              {
                "kind": "TypeFunc",
                "name": "Function",
                "printedName": "(AmaniVoiceAssistantSDK.AmaniVANetworkError.Type) -> (Swift.String) -> AmaniVoiceAssistantSDK.AmaniVANetworkError",
                "children": [
                  {
                    "kind": "TypeFunc",
                    "name": "Function",
                    "printedName": "(Swift.String) -> AmaniVoiceAssistantSDK.AmaniVANetworkError",
                    "children": [
                      {
                        "kind": "TypeNominal",
                        "name": "AmaniVANetworkError",
                        "printedName": "AmaniVoiceAssistantSDK.AmaniVANetworkError",
                        "usr": "s:22AmaniVoiceAssistantSDK0A14VANetworkErrorO"
                      },
                      {
                        "kind": "TypeNominal",
                        "name": "Tuple",
                        "printedName": "(reason: Swift.String)",
                        "children": [
                          {
                            "kind": "TypeNominal",
                            "name": "String",
                            "printedName": "Swift.String",
                            "usr": "s:SS"
                          }
                        ]
                      }
                    ]
                  },
                  {
                    "kind": "TypeNominal",
                    "name": "Metatype",
                    "printedName": "AmaniVoiceAssistantSDK.AmaniVANetworkError.Type",
                    "children": [
                      {
                        "kind": "TypeNominal",
                        "name": "AmaniVANetworkError",
                        "printedName": "AmaniVoiceAssistantSDK.AmaniVANetworkError",
                        "usr": "s:22AmaniVoiceAssistantSDK0A14VANetworkErrorO"
                      }
                    ]
                  }
                ]
              }
            ],
            "declKind": "EnumElement",
            "usr": "s:22AmaniVoiceAssistantSDK0A14VANetworkErrorO6noDatayACSS_tcACmF",
            "mangledName": "$s22AmaniVoiceAssistantSDK0A14VANetworkErrorO6noDatayACSS_tcACmF",
            "moduleName": "AmaniVoiceAssistantSDK"
          },
          {
            "kind": "Var",
            "name": "decodingError",
            "printedName": "decodingError",
            "children": [
              {
                "kind": "TypeFunc",
                "name": "Function",
                "printedName": "(AmaniVoiceAssistantSDK.AmaniVANetworkError.Type) -> (Swift.String) -> AmaniVoiceAssistantSDK.AmaniVANetworkError",
                "children": [
                  {
                    "kind": "TypeFunc",
                    "name": "Function",
                    "printedName": "(Swift.String) -> AmaniVoiceAssistantSDK.AmaniVANetworkError",
                    "children": [
                      {
                        "kind": "TypeNominal",
                        "name": "AmaniVANetworkError",
                        "printedName": "AmaniVoiceAssistantSDK.AmaniVANetworkError",
                        "usr": "s:22AmaniVoiceAssistantSDK0A14VANetworkErrorO"
                      },
                      {
                        "kind": "TypeNominal",
                        "name": "Tuple",
                        "printedName": "(reason: Swift.String)",
                        "children": [
                          {
                            "kind": "TypeNominal",
                            "name": "String",
                            "printedName": "Swift.String",
                            "usr": "s:SS"
                          }
                        ]
                      }
                    ]
                  },
                  {
                    "kind": "TypeNominal",
                    "name": "Metatype",
                    "printedName": "AmaniVoiceAssistantSDK.AmaniVANetworkError.Type",
                    "children": [
                      {
                        "kind": "TypeNominal",
                        "name": "AmaniVANetworkError",
                        "printedName": "AmaniVoiceAssistantSDK.AmaniVANetworkError",
                        "usr": "s:22AmaniVoiceAssistantSDK0A14VANetworkErrorO"
                      }
                    ]
                  }
                ]
              }
            ],
            "declKind": "EnumElement",
            "usr": "s:22AmaniVoiceAssistantSDK0A14VANetworkErrorO08decodingF0yACSS_tcACmF",
            "mangledName": "$s22AmaniVoiceAssistantSDK0A14VANetworkErrorO08decodingF0yACSS_tcACmF",
            "moduleName": "AmaniVoiceAssistantSDK"
          }
        ],
        "declKind": "Enum",
        "usr": "s:22AmaniVoiceAssistantSDK0A14VANetworkErrorO",
        "mangledName": "$s22AmaniVoiceAssistantSDK0A14VANetworkErrorO",
        "moduleName": "AmaniVoiceAssistantSDK",
        "declAttributes": [
          "AccessControl"
        ],
        "conformances": [
          {
            "kind": "Conformance",
            "name": "Error",
            "printedName": "Error",
            "usr": "s:s5ErrorP",
            "mangledName": "$ss5ErrorP"
          },
          {
            "kind": "Conformance",
            "name": "LocalizedError",
            "printedName": "LocalizedError",
            "usr": "s:10Foundation14LocalizedErrorP",
            "mangledName": "$s10Foundation14LocalizedErrorP"
          },
          {
            "kind": "Conformance",
            "name": "Sendable",
            "printedName": "Sendable",
            "usr": "s:s8SendableP",
            "mangledName": "$ss8SendableP"
          }
        ]
      },
      {
        "kind": "TypeDecl",
        "name": "AmaniVAVoiceKeys",
        "printedName": "AmaniVAVoiceKeys",
        "children": [
          {
            "kind": "Var",
            "name": "VOICE_ID0",
            "printedName": "VOICE_ID0",
            "children": [
              {
                "kind": "TypeFunc",
                "name": "Function",
                "printedName": "(AmaniVoiceAssistantSDK.AmaniVAVoiceKeys.Type) -> AmaniVoiceAssistantSDK.AmaniVAVoiceKeys",
                "children": [
                  {
                    "kind": "TypeNominal",
                    "name": "AmaniVAVoiceKeys",
                    "printedName": "AmaniVoiceAssistantSDK.AmaniVAVoiceKeys",
                    "usr": "s:22AmaniVoiceAssistantSDK0A11VAVoiceKeysO"
                  },
                  {
                    "kind": "TypeNominal",
                    "name": "Metatype",
                    "printedName": "AmaniVoiceAssistantSDK.AmaniVAVoiceKeys.Type",
                    "children": [
                      {
                        "kind": "TypeNominal",
                        "name": "AmaniVAVoiceKeys",
                        "printedName": "AmaniVoiceAssistantSDK.AmaniVAVoiceKeys",
                        "usr": "s:22AmaniVoiceAssistantSDK0A11VAVoiceKeysO"
                      }
                    ]
                  }
                ]
              }
            ],
            "declKind": "EnumElement",
            "usr": "s:22AmaniVoiceAssistantSDK0A11VAVoiceKeysO9VOICE_ID0yA2CmF",
            "mangledName": "$s22AmaniVoiceAssistantSDK0A11VAVoiceKeysO9VOICE_ID0yA2CmF",
            "moduleName": "AmaniVoiceAssistantSDK"
          },
          {
            "kind": "Var",
            "name": "VOICE_ID1",
            "printedName": "VOICE_ID1",
            "children": [
              {
                "kind": "TypeFunc",
                "name": "Function",
                "printedName": "(AmaniVoiceAssistantSDK.AmaniVAVoiceKeys.Type) -> AmaniVoiceAssistantSDK.AmaniVAVoiceKeys",
                "children": [
                  {
                    "kind": "TypeNominal",
                    "name": "AmaniVAVoiceKeys",
                    "printedName": "AmaniVoiceAssistantSDK.AmaniVAVoiceKeys",
                    "usr": "s:22AmaniVoiceAssistantSDK0A11VAVoiceKeysO"
                  },
                  {
                    "kind": "TypeNominal",
                    "name": "Metatype",
                    "printedName": "AmaniVoiceAssistantSDK.AmaniVAVoiceKeys.Type",
                    "children": [
                      {
                        "kind": "TypeNominal",
                        "name": "AmaniVAVoiceKeys",
                        "printedName": "AmaniVoiceAssistantSDK.AmaniVAVoiceKeys",
                        "usr": "s:22AmaniVoiceAssistantSDK0A11VAVoiceKeysO"
                      }
                    ]
                  }
                ]
              }
            ],
            "declKind": "EnumElement",
            "usr": "s:22AmaniVoiceAssistantSDK0A11VAVoiceKeysO9VOICE_ID1yA2CmF",
            "mangledName": "$s22AmaniVoiceAssistantSDK0A11VAVoiceKeysO9VOICE_ID1yA2CmF",
            "moduleName": "AmaniVoiceAssistantSDK"
          },
          {
            "kind": "Var",
            "name": "VOICE_NFC",
            "printedName": "VOICE_NFC",
            "children": [
              {
                "kind": "TypeFunc",
                "name": "Function",
                "printedName": "(AmaniVoiceAssistantSDK.AmaniVAVoiceKeys.Type) -> AmaniVoiceAssistantSDK.AmaniVAVoiceKeys",
                "children": [
                  {
                    "kind": "TypeNominal",
                    "name": "AmaniVAVoiceKeys",
                    "printedName": "AmaniVoiceAssistantSDK.AmaniVAVoiceKeys",
                    "usr": "s:22AmaniVoiceAssistantSDK0A11VAVoiceKeysO"
                  },
                  {
                    "kind": "TypeNominal",
                    "name": "Metatype",
                    "printedName": "AmaniVoiceAssistantSDK.AmaniVAVoiceKeys.Type",
                    "children": [
                      {
                        "kind": "TypeNominal",
                        "name": "AmaniVAVoiceKeys",
                        "printedName": "AmaniVoiceAssistantSDK.AmaniVAVoiceKeys",
                        "usr": "s:22AmaniVoiceAssistantSDK0A11VAVoiceKeysO"
                      }
                    ]
                  }
                ]
              }
            ],
            "declKind": "EnumElement",
            "usr": "s:22AmaniVoiceAssistantSDK0A11VAVoiceKeysO9VOICE_NFCyA2CmF",
            "mangledName": "$s22AmaniVoiceAssistantSDK0A11VAVoiceKeysO9VOICE_NFCyA2CmF",
            "moduleName": "AmaniVoiceAssistantSDK"
          },
          {
            "kind": "Var",
            "name": "VOICE_SUCCESS",
            "printedName": "VOICE_SUCCESS",
            "children": [
              {
                "kind": "TypeFunc",
                "name": "Function",
                "printedName": "(AmaniVoiceAssistantSDK.AmaniVAVoiceKeys.Type) -> AmaniVoiceAssistantSDK.AmaniVAVoiceKeys",
                "children": [
                  {
                    "kind": "TypeNominal",
                    "name": "AmaniVAVoiceKeys",
                    "printedName": "AmaniVoiceAssistantSDK.AmaniVAVoiceKeys",
                    "usr": "s:22AmaniVoiceAssistantSDK0A11VAVoiceKeysO"
                  },
                  {
                    "kind": "TypeNominal",
                    "name": "Metatype",
                    "printedName": "AmaniVoiceAssistantSDK.AmaniVAVoiceKeys.Type",
                    "children": [
                      {
                        "kind": "TypeNominal",
                        "name": "AmaniVAVoiceKeys",
                        "printedName": "AmaniVoiceAssistantSDK.AmaniVAVoiceKeys",
                        "usr": "s:22AmaniVoiceAssistantSDK0A11VAVoiceKeysO"
                      }
                    ]
                  }
                ]
              }
            ],
            "declKind": "EnumElement",
            "usr": "s:22AmaniVoiceAssistantSDK0A11VAVoiceKeysO13VOICE_SUCCESSyA2CmF",
            "mangledName": "$s22AmaniVoiceAssistantSDK0A11VAVoiceKeysO13VOICE_SUCCESSyA2CmF",
            "moduleName": "AmaniVoiceAssistantSDK"
          },
          {
            "kind": "Constructor",
            "name": "init",
            "printedName": "init(rawValue:)",
            "children": [
              {
                "kind": "TypeNominal",
                "name": "Optional",
                "printedName": "AmaniVoiceAssistantSDK.AmaniVAVoiceKeys?",
                "children": [
                  {
                    "kind": "TypeNominal",
                    "name": "AmaniVAVoiceKeys",
                    "printedName": "AmaniVoiceAssistantSDK.AmaniVAVoiceKeys",
                    "usr": "s:22AmaniVoiceAssistantSDK0A11VAVoiceKeysO"
                  }
                ],
                "usr": "s:Sq"
              },
              {
                "kind": "TypeNominal",
                "name": "String",
                "printedName": "Swift.String",
                "usr": "s:SS"
              }
            ],
            "declKind": "Constructor",
            "usr": "s:22AmaniVoiceAssistantSDK0A11VAVoiceKeysO8rawValueACSgSS_tcfc",
            "mangledName": "$s22AmaniVoiceAssistantSDK0A11VAVoiceKeysO8rawValueACSgSS_tcfc",
            "moduleName": "AmaniVoiceAssistantSDK",
            "implicit": true,
            "init_kind": "Designated"
          },
          {
            "kind": "Var",
            "name": "rawValue",
            "printedName": "rawValue",
            "children": [
              {
                "kind": "TypeNominal",
                "name": "String",
                "printedName": "Swift.String",
                "usr": "s:SS"
              }
            ],
            "declKind": "Var",
            "usr": "s:22AmaniVoiceAssistantSDK0A11VAVoiceKeysO8rawValueSSvp",
            "mangledName": "$s22AmaniVoiceAssistantSDK0A11VAVoiceKeysO8rawValueSSvp",
            "moduleName": "AmaniVoiceAssistantSDK",
            "implicit": true,
            "accessors": [
              {
                "kind": "Accessor",
                "name": "Get",
                "printedName": "Get()",
                "children": [
                  {
                    "kind": "TypeNominal",
                    "name": "String",
                    "printedName": "Swift.String",
                    "usr": "s:SS"
                  }
                ],
                "declKind": "Accessor",
                "usr": "s:22AmaniVoiceAssistantSDK0A11VAVoiceKeysO8rawValueSSvg",
                "mangledName": "$s22AmaniVoiceAssistantSDK0A11VAVoiceKeysO8rawValueSSvg",
                "moduleName": "AmaniVoiceAssistantSDK",
                "implicit": true,
                "accessorKind": "get"
              }
            ]
          }
        ],
        "declKind": "Enum",
        "usr": "s:22AmaniVoiceAssistantSDK0A11VAVoiceKeysO",
        "mangledName": "$s22AmaniVoiceAssistantSDK0A11VAVoiceKeysO",
        "moduleName": "AmaniVoiceAssistantSDK",
        "declAttributes": [
          "AccessControl",
          "RawDocComment"
        ],
        "enumRawTypeName": "String",
        "conformances": [
          {
            "kind": "Conformance",
            "name": "Equatable",
            "printedName": "Equatable",
            "usr": "s:SQ",
            "mangledName": "$sSQ"
          },
          {
            "kind": "Conformance",
            "name": "Hashable",
            "printedName": "Hashable",
            "usr": "s:SH",
            "mangledName": "$sSH"
          },
          {
            "kind": "Conformance",
            "name": "RawRepresentable",
            "printedName": "RawRepresentable",
            "children": [
              {
                "kind": "TypeWitness",
                "name": "RawValue",
                "printedName": "RawValue",
                "children": [
                  {
                    "kind": "TypeNominal",
                    "name": "String",
                    "printedName": "Swift.String",
                    "usr": "s:SS"
                  }
                ]
              }
            ],
            "usr": "s:SY",
            "mangledName": "$sSY"
          }
        ]
      },
      {
        "kind": "Import",
        "name": "Foundation",
        "printedName": "Foundation",
        "declKind": "Import",
        "moduleName": "AmaniVoiceAssistantSDK",
        "declAttributes": [
          "RawDocComment"
        ]
      },
      {
        "kind": "TypeDecl",
        "name": "AmaniVoiceAssistantProtocol",
        "printedName": "AmaniVoiceAssistantProtocol",
        "children": [
          {
            "kind": "Constructor",
            "name": "init",
            "printedName": "init(url:)",
            "children": [
              {
                "kind": "TypeNominal",
                "name": "GenericTypeParam",
                "printedName": "τ_0_0"
              },
              {
                "kind": "TypeNominal",
                "name": "String",
                "printedName": "Swift.String",
                "usr": "s:SS"
              }
            ],
            "declKind": "Constructor",
            "usr": "s:22AmaniVoiceAssistantSDK0abC8ProtocolP3urlxSS_tYaKcfc",
            "mangledName": "$s22AmaniVoiceAssistantSDK0abC8ProtocolP3urlxSS_tYaKcfc",
            "moduleName": "AmaniVoiceAssistantSDK",
            "genericSig": "<τ_0_0 where τ_0_0 : AmaniVoiceAssistantSDK.AmaniVoiceAssistantProtocol>",
            "sugared_genericSig": "<Self where Self : AmaniVoiceAssistantSDK.AmaniVoiceAssistantProtocol>",
            "protocolReq": true,
            "throwing": true,
            "reqNewWitnessTableEntry": true,
            "init_kind": "Designated"
          },
          {
            "kind": "Function",
            "name": "play",
            "printedName": "play(key:)",
            "children": [
              {
                "kind": "TypeNominal",
                "name": "String",
                "printedName": "Swift.String",
                "usr": "s:SS"
              },
              {
                "kind": "TypeNominal",
                "name": "AmaniVAVoiceKeys",
                "printedName": "AmaniVoiceAssistantSDK.AmaniVAVoiceKeys",
                "usr": "s:22AmaniVoiceAssistantSDK0A11VAVoiceKeysO"
              }
            ],
            "declKind": "Func",
            "usr": "s:22AmaniVoiceAssistantSDK0abC8ProtocolP4play3keySSAA0A11VAVoiceKeysO_tYaKF",
            "mangledName": "$s22AmaniVoiceAssistantSDK0abC8ProtocolP4play3keySSAA0A11VAVoiceKeysO_tYaKF",
            "moduleName": "AmaniVoiceAssistantSDK",
            "genericSig": "<τ_0_0 where τ_0_0 : AmaniVoiceAssistantSDK.AmaniVoiceAssistantProtocol>",
            "sugared_genericSig": "<Self where Self : AmaniVoiceAssistantSDK.AmaniVoiceAssistantProtocol>",
            "protocolReq": true,
            "throwing": true,
            "reqNewWitnessTableEntry": true,
            "funcSelfKind": "NonMutating"
          },
          {
            "kind": "Function",
            "name": "play",
            "printedName": "play(key:)",
            "children": [
              {
                "kind": "TypeNominal",
                "name": "String",
                "printedName": "Swift.String",
                "usr": "s:SS"
              },
              {
                "kind": "TypeNominal",
                "name": "String",
                "printedName": "Swift.String",
                "usr": "s:SS"
              }
            ],
            "declKind": "Func",
            "usr": "s:22AmaniVoiceAssistantSDK0abC8ProtocolP4play3keyS2S_tYaKF",
            "mangledName": "$s22AmaniVoiceAssistantSDK0abC8ProtocolP4play3keyS2S_tYaKF",
            "moduleName": "AmaniVoiceAssistantSDK",
            "genericSig": "<τ_0_0 where τ_0_0 : AmaniVoiceAssistantSDK.AmaniVoiceAssistantProtocol>",
            "sugared_genericSig": "<Self where Self : AmaniVoiceAssistantSDK.AmaniVoiceAssistantProtocol>",
            "protocolReq": true,
            "throwing": true,
            "reqNewWitnessTableEntry": true,
            "funcSelfKind": "NonMutating"
          },
          {
            "kind": "Function",
            "name": "stop",
            "printedName": "stop()",
            "children": [
              {
                "kind": "TypeNominal",
                "name": "Void",
                "printedName": "()"
              }
            ],
            "declKind": "Func",
            "usr": "s:22AmaniVoiceAssistantSDK0abC8ProtocolP4stopyyYaKF",
            "mangledName": "$s22AmaniVoiceAssistantSDK0abC8ProtocolP4stopyyYaKF",
            "moduleName": "AmaniVoiceAssistantSDK",
            "genericSig": "<τ_0_0 where τ_0_0 : AmaniVoiceAssistantSDK.AmaniVoiceAssistantProtocol>",
            "sugared_genericSig": "<Self where Self : AmaniVoiceAssistantSDK.AmaniVoiceAssistantProtocol>",
            "protocolReq": true,
            "throwing": true,
            "reqNewWitnessTableEntry": true,
            "funcSelfKind": "NonMutating"
          }
        ],
        "declKind": "Protocol",
        "usr": "s:22AmaniVoiceAssistantSDK0abC8ProtocolP",
        "mangledName": "$s22AmaniVoiceAssistantSDK0abC8ProtocolP",
        "moduleName": "AmaniVoiceAssistantSDK",
        "genericSig": "<τ_0_0 : AnyObject>",
        "sugared_genericSig": "<Self : AnyObject>",
        "declAttributes": [
          "AccessControl"
        ]
      },
      {
        "kind": "Import",
        "name": "Foundation",
        "printedName": "Foundation",
        "declKind": "Import",
        "moduleName": "AmaniVoiceAssistantSDK",
        "declAttributes": [
          "RawDocComment"
        ]
      },
      {
        "kind": "Import",
        "name": "Foundation",
        "printedName": "Foundation",
        "declKind": "Import",
        "moduleName": "AmaniVoiceAssistantSDK",
        "declAttributes": [
          "RawDocComment"
        ]
      },
      {
        "kind": "Import",
        "name": "Network",
        "printedName": "Network",
        "declKind": "Import",
        "moduleName": "AmaniVoiceAssistantSDK"
      },
      {
        "kind": "Import",
        "name": "AVKit",
        "printedName": "AVKit",
        "declKind": "Import",
        "moduleName": "AmaniVoiceAssistantSDK"
      },
      {
        "kind": "Import",
        "name": "AVFoundation",
        "printedName": "AVFoundation",
        "declKind": "Import",
        "moduleName": "AmaniVoiceAssistantSDK"
      },
      {
        "kind": "TypeDecl",
        "name": "AmaniVADelegate",
        "printedName": "AmaniVADelegate",
        "children": [
          {
            "kind": "Function",
            "name": "onPlay",
            "printedName": "onPlay(with:)",
            "children": [
              {
                "kind": "TypeNominal",
                "name": "Void",
                "printedName": "()"
              },
              {
                "kind": "TypeNominal",
                "name": "String",
                "printedName": "Swift.String",
                "usr": "s:SS"
              }
            ],
            "declKind": "Func",
            "usr": "s:22AmaniVoiceAssistantSDK0A10VADelegateP6onPlay4withySS_tF",
            "mangledName": "$s22AmaniVoiceAssistantSDK0A10VADelegateP6onPlay4withySS_tF",
            "moduleName": "AmaniVoiceAssistantSDK",
            "genericSig": "<τ_0_0 where τ_0_0 : AmaniVoiceAssistantSDK.AmaniVADelegate>",
            "sugared_genericSig": "<Self where Self : AmaniVoiceAssistantSDK.AmaniVADelegate>",
            "protocolReq": true,
            "reqNewWitnessTableEntry": true,
            "funcSelfKind": "NonMutating"
          },
          {
            "kind": "Function",
            "name": "onStop",
            "printedName": "onStop(with:)",
            "children": [
              {
                "kind": "TypeNominal",
                "name": "Void",
                "printedName": "()"
              },
              {
                "kind": "TypeNominal",
                "name": "String",
                "printedName": "Swift.String",
                "usr": "s:SS"
              }
            ],
            "declKind": "Func",
            "usr": "s:22AmaniVoiceAssistantSDK0A10VADelegateP6onStop4withySS_tF",
            "mangledName": "$s22AmaniVoiceAssistantSDK0A10VADelegateP6onStop4withySS_tF",
            "moduleName": "AmaniVoiceAssistantSDK",
            "genericSig": "<τ_0_0 where τ_0_0 : AmaniVoiceAssistantSDK.AmaniVADelegate>",
            "sugared_genericSig": "<Self where Self : AmaniVoiceAssistantSDK.AmaniVADelegate>",
            "protocolReq": true,
            "reqNewWitnessTableEntry": true,
            "funcSelfKind": "NonMutating"
          }
        ],
        "declKind": "Protocol",
        "usr": "s:22AmaniVoiceAssistantSDK0A10VADelegateP",
        "mangledName": "$s22AmaniVoiceAssistantSDK0A10VADelegateP",
        "moduleName": "AmaniVoiceAssistantSDK",
        "genericSig": "<τ_0_0 : AnyObject>",
        "sugared_genericSig": "<Self : AnyObject>",
        "declAttributes": [
          "AccessControl"
        ]
      },
      {
        "kind": "Import",
        "name": "Foundation",
        "printedName": "Foundation",
        "declKind": "Import",
        "moduleName": "AmaniVoiceAssistantSDK",
        "declAttributes": [
          "RawDocComment"
        ]
      },
      {
        "kind": "TypeDecl",
        "name": "AmaniVoiceAssistant",
        "printedName": "AmaniVoiceAssistant",
        "children": [
          {
            "kind": "Constructor",
            "name": "init",
            "printedName": "init(url:)",
            "children": [
              {
                "kind": "TypeNominal",
                "name": "AmaniVoiceAssistant",
                "printedName": "AmaniVoiceAssistantSDK.AmaniVoiceAssistant",
                "usr": "c:@M@AmaniVoiceAssistantSDK@objc(cs)AmaniVoiceAssistant"
              },
              {
                "kind": "TypeNominal",
                "name": "String",
                "printedName": "Swift.String",
                "usr": "s:SS"
              }
            ],
            "declKind": "Constructor",
            "usr": "s:22AmaniVoiceAssistantSDK0abC0C3urlACSS_tYaKcfc",
            "mangledName": "$s22AmaniVoiceAssistantSDK0abC0C3urlACSS_tYaKcfc",
            "moduleName": "AmaniVoiceAssistantSDK",
            "declAttributes": [
              "AccessControl"
            ],
            "throwing": true,
            "init_kind": "Designated"
          },
          {
            "kind": "Constructor",
            "name": "init",
            "printedName": "init(lang:)",
            "children": [
              {
                "kind": "TypeNominal",
                "name": "AmaniVoiceAssistant",
                "printedName": "AmaniVoiceAssistantSDK.AmaniVoiceAssistant",
                "usr": "c:@M@AmaniVoiceAssistantSDK@objc(cs)AmaniVoiceAssistant"
              },
              {
                "kind": "TypeNominal",
                "name": "String",
                "printedName": "Swift.String",
                "hasDefaultArg": true,
                "usr": "s:SS"
              }
            ],
            "declKind": "Constructor",
            "usr": "s:22AmaniVoiceAssistantSDK0abC0C4langACSS_tcfc",
            "mangledName": "$s22AmaniVoiceAssistantSDK0abC0C4langACSS_tcfc",
            "moduleName": "AmaniVoiceAssistantSDK",
            "declAttributes": [
              "AccessControl"
            ],
            "init_kind": "Designated"
          },
          {
            "kind": "Function",
            "name": "setMessages",
            "printedName": "setMessages(voiceMessage:)",
            "children": [
              {
                "kind": "TypeNominal",
                "name": "Void",
                "printedName": "()"
              },
              {
                "kind": "TypeNominal",
                "name": "Dictionary",
                "printedName": "[Swift.String : Swift.String]",
                "children": [
                  {
                    "kind": "TypeNominal",
                    "name": "String",
                    "printedName": "Swift.String",
                    "usr": "s:SS"
                  },
                  {
                    "kind": "TypeNominal",
                    "name": "String",
                    "printedName": "Swift.String",
                    "usr": "s:SS"
                  }
                ],
                "usr": "s:SD"
              }
            ],
            "declKind": "Func",
            "usr": "s:22AmaniVoiceAssistantSDK0abC0C11setMessages12voiceMessageySDyS2SG_tF",
            "mangledName": "$s22AmaniVoiceAssistantSDK0abC0C11setMessages12voiceMessageySDyS2SG_tF",
            "moduleName": "AmaniVoiceAssistantSDK",
            "declAttributes": [
              "Final",
              "AccessControl"
            ],
            "funcSelfKind": "NonMutating"
          },
          {
            "kind": "Function",
            "name": "setMessage",
            "printedName": "setMessage(key:value:)",
            "children": [
              {
                "kind": "TypeNominal",
                "name": "Void",
                "printedName": "()"
              },
              {
                "kind": "TypeNominal",
                "name": "String",
                "printedName": "Swift.String",
                "usr": "s:SS"
              },
              {
                "kind": "TypeNominal",
                "name": "String",
                "printedName": "Swift.String",
                "usr": "s:SS"
              }
            ],
            "declKind": "Func",
            "usr": "s:22AmaniVoiceAssistantSDK0abC0C10setMessage3key5valueySS_SStF",
            "mangledName": "$s22AmaniVoiceAssistantSDK0abC0C10setMessage3key5valueySS_SStF",
            "moduleName": "AmaniVoiceAssistantSDK",
            "declAttributes": [
              "Final",
              "AccessControl"
            ],
            "funcSelfKind": "NonMutating"
          },
          {
            "kind": "Function",
            "name": "setMessage",
            "printedName": "setMessage(key:value:)",
            "children": [
              {
                "kind": "TypeNominal",
                "name": "Void",
                "printedName": "()"
              },
              {
                "kind": "TypeNominal",
                "name": "AmaniVAVoiceKeys",
                "printedName": "AmaniVoiceAssistantSDK.AmaniVAVoiceKeys",
                "usr": "s:22AmaniVoiceAssistantSDK0A11VAVoiceKeysO"
              },
              {
                "kind": "TypeNominal",
                "name": "String",
                "printedName": "Swift.String",
                "usr": "s:SS"
              }
            ],
            "declKind": "Func",
            "usr": "s:22AmaniVoiceAssistantSDK0abC0C10setMessage3key5valueyAA0A11VAVoiceKeysO_SStF",
            "mangledName": "$s22AmaniVoiceAssistantSDK0abC0C10setMessage3key5valueyAA0A11VAVoiceKeysO_SStF",
            "moduleName": "AmaniVoiceAssistantSDK",
            "declAttributes": [
              "Final",
              "AccessControl"
            ],
            "funcSelfKind": "NonMutating"
          },
          {
            "kind": "Function",
            "name": "play",
            "printedName": "play(key:)",
            "children": [
              {
                "kind": "TypeNominal",
                "name": "String",
                "printedName": "Swift.String",
                "usr": "s:SS"
              },
              {
                "kind": "TypeNominal",
                "name": "AmaniVAVoiceKeys",
                "printedName": "AmaniVoiceAssistantSDK.AmaniVAVoiceKeys",
                "usr": "s:22AmaniVoiceAssistantSDK0A11VAVoiceKeysO"
              }
            ],
            "declKind": "Func",
            "usr": "s:22AmaniVoiceAssistantSDK0abC0C4play3keySSAA0A11VAVoiceKeysO_tYaKF",
            "mangledName": "$s22AmaniVoiceAssistantSDK0abC0C4play3keySSAA0A11VAVoiceKeysO_tYaKF",
            "moduleName": "AmaniVoiceAssistantSDK",
            "declAttributes": [
              "Final",
              "AccessControl"
            ],
            "throwing": true,
            "funcSelfKind": "NonMutating"
          },
          {
            "kind": "Function",
            "name": "play",
            "printedName": "play(key:)",
            "children": [
              {
                "kind": "TypeNominal",
                "name": "String",
                "printedName": "Swift.String",
                "usr": "s:SS"
              },
              {
                "kind": "TypeNominal",
                "name": "String",
                "printedName": "Swift.String",
                "usr": "s:SS"
              }
            ],
            "declKind": "Func",
            "usr": "s:22AmaniVoiceAssistantSDK0abC0C4play3keyS2S_tYaKF",
            "mangledName": "$s22AmaniVoiceAssistantSDK0abC0C4play3keyS2S_tYaKF",
            "moduleName": "AmaniVoiceAssistantSDK",
            "declAttributes": [
              "Final",
              "AccessControl"
            ],
            "throwing": true,
            "funcSelfKind": "NonMutating"
          },
          {
            "kind": "Function",
            "name": "stop",
            "printedName": "stop()",
            "children": [
              {
                "kind": "TypeNominal",
                "name": "Void",
                "printedName": "()"
              }
            ],
            "declKind": "Func",
            "usr": "s:22AmaniVoiceAssistantSDK0abC0C4stopyyYaKF",
            "mangledName": "$s22AmaniVoiceAssistantSDK0abC0C4stopyyYaKF",
            "moduleName": "AmaniVoiceAssistantSDK",
            "declAttributes": [
              "Final",
              "AccessControl"
            ],
            "throwing": true,
            "funcSelfKind": "NonMutating"
          },
          {
            "kind": "Function",
            "name": "setDelegate",
            "printedName": "setDelegate(delegate:)",
            "children": [
              {
                "kind": "TypeNominal",
                "name": "Void",
                "printedName": "()"
              },
              {
                "kind": "TypeNominal",
                "name": "AmaniVADelegate",
                "printedName": "AmaniVoiceAssistantSDK.AmaniVADelegate",
                "usr": "s:22AmaniVoiceAssistantSDK0A10VADelegateP"
              }
            ],
            "declKind": "Func",
            "usr": "s:22AmaniVoiceAssistantSDK0abC0C11setDelegate8delegateyAA0A10VADelegate_p_tF",
            "mangledName": "$s22AmaniVoiceAssistantSDK0abC0C11setDelegate8delegateyAA0A10VADelegate_p_tF",
            "moduleName": "AmaniVoiceAssistantSDK",
            "declAttributes": [
              "Final",
              "AccessControl"
            ],
            "funcSelfKind": "NonMutating"
          },
          {
            "kind": "Constructor",
            "name": "init",
            "printedName": "init()",
            "children": [
              {
                "kind": "TypeNominal",
                "name": "AmaniVoiceAssistant",
                "printedName": "AmaniVoiceAssistantSDK.AmaniVoiceAssistant",
                "usr": "c:@M@AmaniVoiceAssistantSDK@objc(cs)AmaniVoiceAssistant"
              }
            ],
            "declKind": "Constructor",
            "usr": "c:@M@AmaniVoiceAssistantSDK@objc(cs)AmaniVoiceAssistant(im)init",
            "mangledName": "$s22AmaniVoiceAssistantSDK0abC0CACycfc",
            "moduleName": "AmaniVoiceAssistantSDK",
            "overriding": true,
            "implicit": true,
            "objc_name": "init",
            "declAttributes": [
              "Dynamic",
              "ObjC",
              "Override"
            ],
            "init_kind": "Designated"
          }
        ],
        "declKind": "Class",
        "usr": "c:@M@AmaniVoiceAssistantSDK@objc(cs)AmaniVoiceAssistant",
        "mangledName": "$s22AmaniVoiceAssistantSDK0abC0C",
        "moduleName": "AmaniVoiceAssistantSDK",
        "declAttributes": [
          "Final",
          "AccessControl",
          "ObjC"
        ],
        "superclassUsr": "c:objc(cs)NSObject",
        "superclassNames": [
          "ObjectiveC.NSObject"
        ],
        "conformances": [
          {
            "kind": "Conformance",
            "name": "AmaniVoiceAssistantProtocol",
            "printedName": "AmaniVoiceAssistantProtocol",
            "usr": "s:22AmaniVoiceAssistantSDK0abC8ProtocolP",
            "mangledName": "$s22AmaniVoiceAssistantSDK0abC8ProtocolP"
          },
          {
            "kind": "Conformance",
            "name": "Equatable",
            "printedName": "Equatable",
            "usr": "s:SQ",
            "mangledName": "$sSQ"
          },
          {
            "kind": "Conformance",
            "name": "Hashable",
            "printedName": "Hashable",
            "usr": "s:SH",
            "mangledName": "$sSH"
          },
          {
            "kind": "Conformance",
            "name": "CVarArg",
            "printedName": "CVarArg",
            "usr": "s:s7CVarArgP",
            "mangledName": "$ss7CVarArgP"
          },
          {
            "kind": "Conformance",
            "name": "_KeyValueCodingAndObservingPublishing",
            "printedName": "_KeyValueCodingAndObservingPublishing",
            "usr": "s:10Foundation37_KeyValueCodingAndObservingPublishingP",
            "mangledName": "$s10Foundation37_KeyValueCodingAndObservingPublishingP"
          },
          {
            "kind": "Conformance",
            "name": "_KeyValueCodingAndObserving",
            "printedName": "_KeyValueCodingAndObserving",
            "usr": "s:10Foundation27_KeyValueCodingAndObservingP",
            "mangledName": "$s10Foundation27_KeyValueCodingAndObservingP"
          },
          {
            "kind": "Conformance",
            "name": "CustomStringConvertible",
            "printedName": "CustomStringConvertible",
            "usr": "s:s23CustomStringConvertibleP",
            "mangledName": "$ss23CustomStringConvertibleP"
          },
          {
            "kind": "Conformance",
            "name": "CustomDebugStringConvertible",
            "printedName": "CustomDebugStringConvertible",
            "usr": "s:s28CustomDebugStringConvertibleP",
            "mangledName": "$ss28CustomDebugStringConvertibleP"
          }
        ]
      }
    ],
    "json_format_version": 8
  },
  "ConstValues": [
    {
      "filePath": "\/Users\/mketizmen\/Projects\/Bedri\/iOS.SDK.VoiceAssistant\/AmaniVoiceAssistantSDK\/AmaniVoiceAssistantManager\/AmaniVAEnums\/AmaniVAErrors.swift",
      "kind": "StringLiteral",
      "offset": 482,
      "length": 19,
      "value": "\"Can't play voice.\""
    },
    {
      "filePath": "\/Users\/mketizmen\/Projects\/Bedri\/iOS.SDK.VoiceAssistant\/AmaniVoiceAssistantSDK\/AmaniVoiceAssistantManager\/AmaniVAEnums\/AmaniVAErrors.swift",
      "kind": "StringLiteral",
      "offset": 548,
      "length": 26,
      "value": "\"Data not \""
    },
    {
      "filePath": "\/Users\/mketizmen\/Projects\/Bedri\/iOS.SDK.VoiceAssistant\/AmaniVoiceAssistantSDK\/AmaniVoiceAssistantManager\/AmaniVAEnums\/AmaniVAErrors.swift",
      "kind": "StringLiteral",
      "offset": 567,
      "length": 5,
      "value": "\" found\""
    },
    {
      "filePath": "\/Users\/mketizmen\/Projects\/Bedri\/iOS.SDK.VoiceAssistant\/AmaniVoiceAssistantSDK\/AmaniVoiceAssistantManager\/AmaniVAEnums\/AmaniVAErrors.swift",
      "kind": "StringLiteral",
      "offset": 632,
      "length": 34,
      "value": "\"Language not \""
    },
    {
      "filePath": "\/Users\/mketizmen\/Projects\/Bedri\/iOS.SDK.VoiceAssistant\/AmaniVoiceAssistantSDK\/AmaniVoiceAssistantManager\/AmaniVAEnums\/AmaniVAErrors.swift",
      "kind": "StringLiteral",
      "offset": 655,
      "length": 9,
      "value": "\" supported\""
    },
    {
      "filePath": "\/Users\/mketizmen\/Projects\/Bedri\/iOS.SDK.VoiceAssistant\/AmaniVoiceAssistantSDK\/AmaniVoiceAssistantManager\/AmaniVAEnums\/AmaniVAErrors.swift",
      "kind": "StringLiteral",
      "offset": 947,
      "length": 34,
      "value": "\"Model decoding error: \""
    },
    {
      "filePath": "\/Users\/mketizmen\/Projects\/Bedri\/iOS.SDK.VoiceAssistant\/AmaniVoiceAssistantSDK\/AmaniVoiceAssistantManager\/AmaniVAEnums\/AmaniVAErrors.swift",
      "kind": "StringLiteral",
      "offset": 979,
      "length": 1,
      "value": "\".\""
    },
    {
      "filePath": "\/Users\/mketizmen\/Projects\/Bedri\/iOS.SDK.VoiceAssistant\/AmaniVoiceAssistantSDK\/AmaniVoiceAssistantManager\/AmaniVAEnums\/AmaniVAErrors.swift",
      "kind": "StringLiteral",
      "offset": 1029,
      "length": 32,
      "value": "\"Invalid url format: \""
    },
    {
      "filePath": "\/Users\/mketizmen\/Projects\/Bedri\/iOS.SDK.VoiceAssistant\/AmaniVoiceAssistantSDK\/AmaniVoiceAssistantManager\/AmaniVAEnums\/AmaniVAErrors.swift",
      "kind": "StringLiteral",
      "offset": 1059,
      "length": 1,
      "value": "\".\""
    },
    {
      "filePath": "\/Users\/mketizmen\/Projects\/Bedri\/iOS.SDK.VoiceAssistant\/AmaniVoiceAssistantSDK\/AmaniVoiceAssistantManager\/AmaniVAEnums\/AmaniVAErrors.swift",
      "kind": "StringLiteral",
      "offset": 1105,
      "length": 16,
      "value": "\"No data found.\""
    },
    {
      "filePath": "\/Users\/mketizmen\/Projects\/Bedri\/iOS.SDK.VoiceAssistant\/AmaniVoiceAssistantSDK\/AmaniVoiceAsisstantManager.swift",
      "kind": "StringLiteral",
      "offset": 1584,
      "length": 18,
      "value": "\"Array not setted\""
    },
    {
      "filePath": "\/Users\/mketizmen\/Projects\/Bedri\/iOS.SDK.VoiceAssistant\/AmaniVoiceAssistantSDK\/AmaniVoiceAsisstantManager.swift",
      "kind": "StringLiteral",
      "offset": 2248,
      "length": 17,
      "value": "\"url bulunamadı\""
    },
    {
      "filePath": "\/Users\/mketizmen\/Projects\/Bedri\/iOS.SDK.VoiceAssistant\/AmaniVoiceAssistantSDK\/AmaniVoiceAsisstantManager.swift",
      "kind": "StringLiteral",
      "offset": 2433,
      "length": 21,
      "value": "\"key not set: \""
    },
    {
      "filePath": "\/Users\/mketizmen\/Projects\/Bedri\/iOS.SDK.VoiceAssistant\/AmaniVoiceAssistantSDK\/AmaniVoiceAsisstantManager.swift",
      "kind": "StringLiteral",
      "offset": 2453,
      "length": 5,
      "value": "\"\""
    },
    {
      "filePath": "\/Users\/mketizmen\/Projects\/Bedri\/iOS.SDK.VoiceAssistant\/AmaniVoiceAssistantSDK\/AmaniVoiceAsisstantManager.swift",
      "kind": "StringLiteral",
      "offset": 2511,
      "length": 3,
      "value": "\",\""
    },
    {
      "filePath": "\/Users\/mketizmen\/Projects\/Bedri\/iOS.SDK.VoiceAssistant\/AmaniVoiceAssistantSDK\/AmaniVoiceAsisstantManager.swift",
      "kind": "IntegerLiteral",
      "offset": 2567,
      "length": 1,
      "value": "2"
    },
    {
      "filePath": "\/Users\/mketizmen\/Projects\/Bedri\/iOS.SDK.VoiceAssistant\/AmaniVoiceAssistantSDK\/AmaniVoiceAsisstantManager.swift",
      "kind": "IntegerLiteral",
      "offset": 2587,
      "length": 1,
      "value": "1"
    },
    {
      "filePath": "\/Users\/mketizmen\/Projects\/Bedri\/iOS.SDK.VoiceAssistant\/AmaniVoiceAssistantSDK\/AmaniVoiceAsisstantManager.swift",
      "kind": "StringLiteral",
      "offset": 2672,
      "length": 18,
      "value": "\"cant split value\""
    },
    {
      "filePath": "\/Users\/mketizmen\/Projects\/Bedri\/iOS.SDK.VoiceAssistant\/AmaniVoiceAssistantSDK\/AmaniVoiceAsisstantManager.swift",
      "kind": "StringLiteral",
      "offset": 2827,
      "length": 23,
      "value": "\"base64 cannot convert\""
    },
    {
      "filePath": "\/Users\/mketizmen\/Projects\/Bedri\/iOS.SDK.VoiceAssistant\/AmaniVoiceAssistantSDK\/AmaniVoiceAsisstantManager.swift",
      "kind": "StringLiteral",
      "offset": 3170,
      "length": 26,
      "value": "\"Error occurred: \""
    },
    {
      "filePath": "\/Users\/mketizmen\/Projects\/Bedri\/iOS.SDK.VoiceAssistant\/AmaniVoiceAssistantSDK\/AmaniVoiceAsisstantManager.swift",
      "kind": "StringLiteral",
      "offset": 3195,
      "length": 2,
      "value": "\"\""
    },
    {
      "filePath": "\/Users\/mketizmen\/Projects\/Bedri\/iOS.SDK.VoiceAssistant\/AmaniVoiceAssistantSDK\/AmaniVoiceAsisstantManager.swift",
      "kind": "StringLiteral",
      "offset": 3229,
      "length": 28,
      "value": "\"Unexpected error: \""
    },
    {
      "filePath": "\/Users\/mketizmen\/Projects\/Bedri\/iOS.SDK.VoiceAssistant\/AmaniVoiceAssistantSDK\/AmaniVoiceAsisstantManager.swift",
      "kind": "StringLiteral",
      "offset": 3256,
      "length": 2,
      "value": "\"\""
    },
    {
      "filePath": "\/Users\/mketizmen\/Projects\/Bedri\/iOS.SDK.VoiceAssistant\/AmaniVoiceAssistantSDK\/AmaniVoiceAsisstantManager.swift",
      "kind": "StringLiteral",
      "offset": 375,
      "length": 26,
      "value": "\"AmaniVoiceAssistantSDK.AmaniVoiceAssistantManager\""
    },
    {
      "filePath": "\/Users\/mketizmen\/Projects\/Bedri\/iOS.SDK.VoiceAssistant\/AmaniVoiceAssistantSDK\/AmaniVoiceAsisstantManager.swift",
      "kind": "StringLiteral",
      "offset": 3745,
      "length": 43,
      "value": "\"speech started: \""
    },
    {
      "filePath": "\/Users\/mketizmen\/Projects\/Bedri\/iOS.SDK.VoiceAssistant\/AmaniVoiceAssistantSDK\/AmaniVoiceAsisstantManager.swift",
      "kind": "StringLiteral",
      "offset": 3787,
      "length": 2,
      "value": "\"\""
    },
    {
      "filePath": "\/Users\/mketizmen\/Projects\/Bedri\/iOS.SDK.VoiceAssistant\/AmaniVoiceAssistantSDK\/AmaniVoiceAsisstantManager.swift",
      "kind": "StringLiteral",
      "offset": 3963,
      "length": 45,
      "value": "\"speech completed: \""
    },
    {
      "filePath": "\/Users\/mketizmen\/Projects\/Bedri\/iOS.SDK.VoiceAssistant\/AmaniVoiceAssistantSDK\/AmaniVoiceAsisstantManager.swift",
      "kind": "StringLiteral",
      "offset": 4007,
      "length": 2,
      "value": "\"\""
    },
    {
      "filePath": "\/Users\/mketizmen\/Projects\/Bedri\/iOS.SDK.VoiceAssistant\/AmaniVoiceAssistantSDK\/AmaniVoiceAsisstantManager.swift",
      "kind": "IntegerLiteral",
      "offset": 4300,
      "length": 1,
      "value": "1"
    },
    {
      "filePath": "\/Users\/mketizmen\/Projects\/Bedri\/iOS.SDK.VoiceAssistant\/AmaniVoiceAssistantSDK\/AmaniVoiceAsisstantManager.swift",
      "kind": "FloatLiteral",
      "offset": 4617,
      "length": 3,
      "value": "0.5"
    },
    {
      "filePath": "\/Users\/mketizmen\/Projects\/Bedri\/iOS.SDK.VoiceAssistant\/AmaniVoiceAssistantSDK\/AmaniVoiceAsisstantManager.swift",
      "kind": "FloatLiteral",
      "offset": 4653,
      "length": 3,
      "value": "0.9"
    },
    {
      "filePath": "\/Users\/mketizmen\/Projects\/Bedri\/iOS.SDK.VoiceAssistant\/AmaniVoiceAssistantSDK\/AmaniVoiceAsisstantManager.swift",
      "kind": "FloatLiteral",
      "offset": 4692,
      "length": 3,
      "value": "0.1"
    },
    {
      "filePath": "\/Users\/mketizmen\/Projects\/Bedri\/iOS.SDK.VoiceAssistant\/AmaniVoiceAssistantSDK\/AmaniVoiceAsisstantManager.swift",
      "kind": "FloatLiteral",
      "offset": 4719,
      "length": 3,
      "value": "0.9"
    },
    {
      "filePath": "\/Users\/mketizmen\/Projects\/Bedri\/iOS.SDK.VoiceAssistant\/AmaniVoiceAssistantSDK\/AmaniVoiceAsisstantManager.swift",
      "kind": "StringLiteral",
      "offset": 5024,
      "length": 14,
      "value": "\"sound played\""
    },
    {
      "filePath": "\/Users\/mketizmen\/Projects\/Bedri\/iOS.SDK.VoiceAssistant\/AmaniVoiceAssistantSDK\/AmaniVoiceAsisstantManager.swift",
      "kind": "IntegerLiteral",
      "offset": 5315,
      "length": 3,
      "value": "200"
    },
    {
      "filePath": "\/Users\/mketizmen\/Projects\/Bedri\/iOS.SDK.VoiceAssistant\/AmaniVoiceAssistantSDK\/AmaniVoiceAsisstantManager.swift",
      "kind": "IntegerLiteral",
      "offset": 5321,
      "length": 3,
      "value": "299"
    },
    {
      "filePath": "\/Users\/mketizmen\/Projects\/Bedri\/iOS.SDK.VoiceAssistant\/AmaniVoiceAssistantSDK\/AmaniVoiceAsisstantManager.swift",
      "kind": "StringLiteral",
      "offset": 5602,
      "length": 16,
      "value": "\"wrong response\""
    },
    {
      "filePath": "\/Users\/mketizmen\/Projects\/Bedri\/iOS.SDK.VoiceAssistant\/AmaniVoiceAssistantSDK\/AmaniVoiceAsisstantManager.swift",
      "kind": "StringLiteral",
      "offset": 5771,
      "length": 27,
      "value": "\"cant convert to json data\""
    },
    {
      "filePath": "\/Users\/mketizmen\/Projects\/Bedri\/iOS.SDK.VoiceAssistant\/AmaniVoiceAssistantSDK\/AmaniVoiceAsisstantManager.swift",
      "kind": "StringLiteral",
      "offset": 6067,
      "length": 27,
      "value": "\"cant convert to json data\""
    },
    {
      "filePath": "\/Users\/mketizmen\/Projects\/Bedri\/iOS.SDK.VoiceAssistant\/AmaniVoiceAssistantSDK\/AmaniVoiceAsisstantManager.swift",
      "kind": "StringLiteral",
      "offset": 6161,
      "length": 16,
      "value": "\"emtpy response\""
    },
    {
      "filePath": "\/Users\/mketizmen\/Projects\/Bedri\/iOS.SDK.VoiceAssistant\/AmaniVoiceAssistantSDK\/AmaniVoiceAssistant.swift",
      "kind": "StringLiteral",
      "offset": 414,
      "length": 28,
      "value": "\"invalid format for: \""
    },
    {
      "filePath": "\/Users\/mketizmen\/Projects\/Bedri\/iOS.SDK.VoiceAssistant\/AmaniVoiceAssistantSDK\/AmaniVoiceAssistant.swift",
      "kind": "StringLiteral",
      "offset": 441,
      "length": 5,
      "value": "\"\""
    },
    {
      "filePath": "\/Users\/mketizmen\/Projects\/Bedri\/iOS.SDK.VoiceAssistant\/AmaniVoiceAssistantSDK\/AmaniVoiceAssistant.swift",
      "kind": "StringLiteral",
      "offset": 628,
      "length": 7,
      "value": "\"tr-TR\""
    },
    {
      "filePath": "\/Users\/mketizmen\/Projects\/Bedri\/iOS.SDK.VoiceAssistant\/AmaniVoiceAssistantSDK\/AmaniVoiceAssistant.swift",
      "kind": "StringLiteral",
      "offset": 114,
      "length": 19,
      "value": "\"AmaniVoiceAssistantSDK.AmaniVoiceAssistant\""
    }
  ]
}